state,cell,seats,mean,p25,p50,p75,mean_eff_n,p50_eff_n
Bihar,General,2806.0,10.68,7.0,10.0,13.0,5.28,4.75
Bihar,General (W),2386.0,11.05,7.0,10.0,14.0,5.82,5.26
Bihar,Other,834.0,14.34,10.0,14.0,18.0,7.09,6.67
Bihar,Other (W),531.0,14.01,10.0,13.0,17.5,7.4,7.03
Bihar,SC,828.0,14.89,11.0,15.0,18.0,6.97,6.72
Bihar,SC (W),508.0,13.96,11.0,13.0,17.0,6.9,6.45
Bihar,ST,80.0,10.42,8.0,10.0,11.25,5.44,5.06
Bihar,ST (W),24.0,10.96,7.0,10.5,13.25,6.21,6.05
Rajasthan,General,2506.0,6.51,4.0,6.0,9.0,,
Rajasthan,General (W),2741.0,5.86,3.0,5.0,8.0,,
Rajasthan,OBC,905.0,5.52,3.0,5.0,7.0,,
Rajasthan,OBC (W),758.0,5.11,3.0,5.0,7.0,,
Rajasthan,SC,1062.0,6.16,3.0,5.0,8.0,,
Rajasthan,SC (W),913.0,5.72,3.0,5.0,7.0,,
Rajasthan,ST,1290.0,6.36,4.0,6.0,8.0,,
Rajasthan,ST (W),1135.0,5.79,4.0,5.0,7.0,,
UP,General,17512.0,7.2,5.0,6.0,9.0,3.68,3.38
UP,General (W),8352.0,7.53,5.0,7.0,9.0,3.9,3.54
UP,Other,8759.0,7.38,5.0,6.0,9.0,3.72,3.39
UP,Other (W),4699.0,6.82,4.0,6.0,9.0,3.66,3.37
UP,SC,6562.0,8.5,5.0,8.0,11.0,3.97,3.63
UP,SC (W),3616.0,8.29,5.0,8.0,10.0,4.03,3.68
UP,ST,165.0,6.27,4.0,6.0,8.0,3.66,3.4
UP,ST (W),107.0,6.34,4.0,6.0,8.0,3.5,3.31
Uttarakhand,General,6723.0,3.65,2.0,3.0,4.0,3.65,3.0
Uttarakhand,General (W),6419.0,3.42,2.0,3.0,4.0,3.42,3.0
Uttarakhand,OBC,340.0,3.59,2.0,3.0,4.0,3.59,3.0
Uttarakhand,OBC (W),358.0,3.34,2.0,3.0,4.0,3.34,3.0
Uttarakhand,Other,1625.0,3.48,2.0,3.0,4.0,3.48,3.0
Uttarakhand,Other (W),1799.0,3.41,2.0,3.0,4.0,3.4,3.0
Uttarakhand,SC,677.0,3.06,2.0,3.0,4.0,3.05,3.0
Uttarakhand,SC (W),671.0,3.07,2.0,3.0,4.0,3.06,3.0
Uttarakhand,ST,70.0,2.71,2.0,2.0,3.0,2.71,2.0
Uttarakhand,ST (W),77.0,2.99,2.0,3.0,3.0,2.99,3.0
